Name,Website
A&S Estate,https://www.as-estate.com
ABK Real Estate,https://www.abkrealestate.com
Access Properties,https://www.accesspropertiesmonaco.com
Acropole Real Estate,https://www.acropolerealestate.com
Ageprim,https://www.ageprim.com
Agence Nouvelle de Monaco,https://www.agencenouvellemonaco.com
Agence de la Gare,https://www.agencedelagare.mc
Agence des Ambassadeurs,https://www.ambassadeurs-realestate.com
Agence des Etrangers,https://www.agence-des-etrangers.com
Agence du Boulevard,https://www.agenceboulevard.mc
Agence du Cap,https://www.caprealestate.mc
Agence Florida,https://www.agenceflorida.com
Agence Horizon,https://www.agence-horizon.mc
Agence Imperator,https://www.imperator-immobilier.com
Agence Le Phare,https://www.agencelephare.com
Agence Maritime,https://www.agence-maritime.mc
Agence Riviera,https://www.agence-riviera.mc
Agence Standard,https://www.agencestandard.mc
Agence Transatlantique,https://www.agence-transatlantique.mc
Alfa Real Estate,https://www.alfa-realestate.mc
Alliance Immobilier,https://www.alliance-monaco.mc
Amber International,https://www.amber-international.com
Apartments for Rent Monaco,https://www.apartments-for-rent-monaco.com
Arcadia Immo,https://www.arcadia.mc
Ares Real Estate,https://www.ares.mc
Artis Monaco,https://www.artis.mc
Atlantic Agency,https://www.atlanticagency.mc
Azur Estate,https://www.azurestate.mc
BARNES Monaco,https://www.barnes-monaco.com
BR Immobilier,https://www.br-immobilier.mc
Balkin Estates,https://www.balkin.mc
Bari Real Estate,https://www.bari-realestate.mc
Belles Terres Real Estate,https://www.bellesterres.mc
Beni Immobilier,https://www.beni-immobilier.mc
Bentley Real Estate,https://www.bentley-realestate.mc
Beryls Real Estate,https://www.beryls-realestate.com
Bovis Agency,https://www.agencebovis.mc
C.A.R.E. (Central Agency Real Estate),https://www.care.mc
CCRG Real Estate,https://www.ccrg.mc
CMC Real Estate,https://www.cmc-realestate.mc
Camelia Properties,https://www.camelia.mc
Capital Real Estate,https://www.capitalrealestate.mc
Caroli Real Estate,https://www.caroli-realestate.com
Carré d'Or Real Estate,https://www.carredor-realestate.mc
Cassini Real Estate,https://www.cassini-realestate.mc
Caves Agency,https://www.agence-caves.mc
Century 21 Monaco,https://www.century21.mc
Ceres Real Estate,https://www.ceres.mc
Chambre Immobilière Monégasque,https://www.chambre-immobiliere-monaco.mc
Check-In Real Estate,https://www.checkin-realestate.com
Clarendon Properties,https://www.clarendon-monaco.com
Coldwell Banker Etic Realty,https://www.eticrealty.com
Compagnie Monégasque Immobilière (CMI),https://www.cmi.mc
Concept Immobilier,https://www.concept-immobilier.mc
Consul Estates,https://www.consulestates.com
Continental Real Estate,https://www.continental-realestate.mc
Core Real Estate,https://www.core.mc
Cosmopolitan Properties,https://www.cosmopolitan.mc
Cristea-Flandrin Immobilier,https://www.cristea-flandrin.com
Crown Estates,https://www.crownestates.mc
Crystal Agency,https://www.crystal-agency.mc
D&D Immobilier,https://www.dd-immobilier.mc
Dameno Monaco Real Estate,https://www.dameno.mc
De Planelles Real Estate,https://www.deplanelles.mc
Deluxe Real Estate,https://www.deluxerealestate.mc
Deo Gratias Real Estate,https://www.deogratias.mc
Diamond Real Estate,https://www.diamond-realestate.mc
Dominium Properties,https://www.dominium.mc
Dotta Real Estate,https://www.dotta.mc
Du Grand Prix Agency,https://www.agencegrandprix.mc
Du Midi Agency,https://www.agencedumidi.mc
E&G Properties,https://www.eg-properties.mc
Eden Properties,https://www.edenproperties.mc
Elite Properties,https://www.eliteproperties.mc
Elysium Real Estate,https://www.elysium.mc
Emirates Real Estate,https://www.emirates-realestate.mc
Empire Real Estate,https://www.empire.mc
Equator Properties,https://www.equatorproperties.mc
Espace Immobilier,https://www.espace-immobilier.mc
Estator,https://www.estator.com
Ethical Real Estate,https://www.ethical-realestate.mc
Etoile Properties,https://www.etoile-properties.mc
Europagence,https://www.europagence.com
Excel Properties,https://www.excelproperties.mc
Exclusive Estates Monaco,https://www.exclusive-estates.mc
Faggionato Real Estate,https://www.faggionato.com
Festa Real Estate,https://www.festainvestments.com
Fiducia Real Estate,https://www.fiducia.mc
Fine Properties Monaco,https://www.fineproperties.mc
First Home Real Estate,https://www.firsthome.mc
Fontvieille Immobilier,https://www.fontvieille-immobilier.com
Founis Properties,https://www.founis.mc
G&G Real Estate,https://www.gg-realestate.mc
G-Estates,https://www.g-estates.mc
Galli Agency,https://www.agencegalli.mc
Gaston Agency,https://www.agencegaston.mc
Gemini Real Estate,https://www.gemini.mc
General Immobilier,https://www.general-immobilier.mc
Gery Properties,https://www.gery-properties.mc
Global Properties,https://www.globalproperties.mc
Golden Square Real Estate,https://www.goldensquare.mc
GP Real Estate,https://www.gp-realestate.mc
Grimaldi Real Estate,https://www.grimaldi-realestate.mc
Hammer Draff,https://www.hammerdraff.com
Harroch Real Estate,https://www.harrochrealestate.com
Heliopolis Properties,https://www.heliopolis.mc
Heritage Properties,https://www.heritage-properties.mc
Hermitage Riviera,https://www.hermitageriviera.com
Hestia Real Estate,https://www.hestiaproperties.mc
High-End Properties,https://www.highendproperties.mc
Home & Co,https://www.homeandco.mc
ICM Real Estate,https://www.icm.mc
Impact Real Estate,https://www.impact-realestate.mc
Imperial Properties,https://www.imperialproperties.mc
Infinity Properties,https://www.infinityproperties.mc
Inter-Acropole,https://www.inter-acropole.com
International Property Brokers,https://www.ipb.mc
Invest Real Estate,https://www.investrealestate.mc
Iris Properties,https://www.irisproperties.mc
J&L Properties,https://www.jlproperties.mc
J-K Real Estate,https://www.jk-realestate.mc
JamesEdition Monaco,https://www.jamesedition.com
Jardin Exotique Agency,https://www.agencejardinexotique.mc
John Taylor Monaco,https://www.john-taylor.com
K-Properties,https://www.kproperties.mc
Kingdom Properties,https://www.kingdomproperties.mc
Kings Real Estate,https://www.kingsrealestate.mc
Knight Frank Monaco,https://www.knightfrank.com/monaco
La Citadelle Agency,https://www.agencecitadelle.mc
La Condamine Agency,https://www.agencecondamine.mc
La Costa Properties Monaco,https://www.lacosta-properties-monaco.com
La Monégasque Immobilière,https://www.lamonegasque.mc
La Rousse Agency,https://www.agencelarousse.mc
Larvotto Real Estate,https://www.larvottorealestate.com
Le Figaro Properties,https://properties.lefigaro.com
Le Rocher Real Estate,https://www.lerocher-realestate.mc
Leader Real Estate,https://www.leader-realestate.mc
Legacy Properties,https://www.legacy.mc
Level Real Estate,https://www.levelproperties.mc
Livein Monaco,https://www.livein.mc
Logos Real Estate,https://www.logos.mc
Lorenzi Roc Agency,https://www.rocagency.com
Lotus Properties,https://www.lotusproperties.mc
Luxury Living Monaco,https://www.luxuryliving.mc
LuxuryEstate Monaco,https://www.luxuryestate.com
M&P Properties,https://www.mpproperties.mc
Magrey & Sons Monaco,https://www.magrey.com
Main Square Real Estate,https://www.mainsquare.mc
Majestic Real Estate,https://www.majestic-realestate.mc
Manera Real Estate,https://www.manerarealestate.com
Map Real Estate,https://www.maprealestate.mc
Maximus Properties,https://www.maximus.mc
MB Immobilier,https://www.mb-immobilier.mc
Mercury Real Estate,https://www.mercury.mc
Meridian Real Estate,https://www.meridian.mc
Metropole Real Estate,https://www.metropolerealestate.mc
Miells Real Estate,https://www.miells.com
Milano Real Estate,https://www.milano-realestate.mc
Milo Properties,https://www.miloproperties.mc
Mirabeau Real Estate,https://www.mirabeau-properties.mc
Monaco International Real Estate,https://www.mire.mc
Monaco Properties,https://www.monacoproperties.mc
Monaco Villas,https://www.monaco-villas.com
Moneghetti Agency,https://www.agencemoneghetti.mc
Montaigne Properties,https://www.montaigneproperties.mc
Monte Carlo Real Estate,https://www.montecarlo-realestate.com
Monte-Carlo Real Estate Agency,https://www.montecarlo-realestateagency.com
Monte-Carlo Sotheby's International Realty,https://www.montecarlo-sothebysrealty.com
Moulins Agency,https://www.agencemoulins.mc
N&M Properties,https://www.nmproperties.mc
National Agency Monaco,https://www.agencenationale.mc
Nemesis Real Estate,https://www.nemesis.mc
Neptune Properties,https://www.neptuneproperties.mc
Nexus Real Estate,https://www.nexus.mc
Noble Properties,https://www.nobleproperties.mc
Nordic Real Estate,https://www.nordic.mc
Nova Properties,https://www.novaproperties.mc
Oceanic Agency,https://www.agenceoceanic.mc
Olympia Real Estate,https://www.olympia.mc
Omega Real Estate,https://www.omega-realestate.mc
Optima Properties,https://www.optimaproperties.mc
Orion Real Estate,https://www.orion.mc
Palace Properties,https://www.palaceproperties.mc
Palais Real Estate,https://www.palaisrealestate.mc
Park Real Estate,https://www.parkrealestate.mc
Pastor Immobilier,https://www.pastor-immobilier.com
Pearl Real Estate,https://www.pearl-realestate.mc
Petrini Exclusive Real Estate,https://www.petrini.mc
Phoenix Properties,https://www.phoenix.mc
Piras Immobilier,https://www.pirasimmobilier.com
Platinum Real Estate,https://www.platinum.mc
Plaza Real Estate,https://www.plazarealestate.mc
Port Real Estate,https://www.portrealestate.mc
Prestige Properties,https://www.prestigeproperties.mc
Prime Real Estate,https://www.primerealestate.mc
Principal Properties,https://www.principalproperties.mc
Privilege Real Estate,https://www.privilege.mc
Pro-Immo Monaco,https://www.proimmo.mc
Properstar Monaco,https://www.properstar.com/monaco
Property for Sale Monaco,https://www.property-for-sale-monaco.com
Quantum Properties,https://www.quantum.mc
Regency Real Estate,https://www.regency-monaco.com
Renaissance Real Estate,https://www.renaissance.mc
Rightmove Overseas Monaco,https://www.rightmove.co.uk
Rivoli Real Estate,https://www.rivoli.mc
Royal Estates,https://www.royalestates.mc
SL Agency,https://www.slagency.mc
Sainte-Devote Agency,https://www.agencesaintedevote.mc
Salomon Real Estate,https://www.salomonproperties.mc
Sartorio Real Estate,https://www.sartorio-realestate.mc
Savills Monaco,https://www.savills.mc
Scorpio Real Estate,https://www.scorpio.mc
Segond Immobilier,https://www.segond-immobilier.mc
Select Properties,https://www.selectproperties.mc
Sextant Real Estate,https://www.sextantmonaco.com
Signature Real Estate,https://www.signature.mc
Silver Properties,https://www.silverproperties.mc
Solamito Properties,https://www.solamito-properties.mc
Sovereign Real Estate,https://www.sovereign.mc
Sparta Properties,https://www.spartaproperties.mc
Square Real Estate,https://www.squarerealestate.mc
Star Real Estate,https://www.star-realestate.mc
Stella Real Estate,https://www.stellaproperties.mc
Sterling Properties,https://www.sterling.mc
Summit Real Estate,https://www.summit.mc
Sun Real Estate,https://www.sun-realestate.mc
Superior Real Estate,https://www.superior.mc
Synergy Real Estate,https://www.synergy.mc
T&T Real Estate,https://www.tt-realestate.mc
Terrasses Agency,https://www.agenceterrasses.mc
The Agency Monaco,https://www.theagency.mc
Titan Real Estate,https://www.titan.mc
Top Properties,https://www.topproperties.mc
Trinity Monaco,https://www.trinitymonaco.com
Trophy Real Estate,https://www.trophy-realestate.mc
Trust Real Estate,https://www.trustrealestate.mc
Universal Properties,https://www.universalproperties.mc
Uranus Properties,https://www.uranus.mc
Valeri Agency,https://www.valeri-agency.com
Value Real Estate,https://www.valuerealestate.mc
Vanguard Properties,https://www.vanguard.mc
Vatrican Real Estate,https://www.vatrican-realestate.com
Vector Real Estate,https://www.vector.mc
Venus Properties,https://www.venusproperties.mc
Verde Real Estate,https://www.verderealestate.mc
Vesta Properties,https://www.vestaproperties.mc
Victory Real Estate,https://www.victory.mc
Villa Real Estate,https://www.villarealestate.mc
Vip Real Estate,https://www.vip-realestate.mc
Vista Properties,https://www.vistaproperties.mc
Viviani Champfleury Barco,https://www.vivianichampfleurybarco.com
W-Properties,https://www.wproperties.mc
X-Real Estate Monaco,https://www.xrealestate.mc
Zenith Properties,https://www.zenithproperties.mc
Zeus Real Estate,https://www.zeus.mc
