id,agency,town,website
892512179,BAI TOIE,Cagnes-Sur-Mer,
920303708,BLUE DIAMOND CAPITAL,Cagnes-Sur-Mer,
920493210,SOFIA,Cagnes-Sur-Mer,
337558613,LOCOTEL,Villeneuve-Loubet,
380454223,MERI SUD,Villeneuve-Loubet,
838148989,ALCAZAR MC (SCP),Villeneuve-Loubet,
333952273,GARMA,Villeneuve-Loubet,
349985234,EUROPE INVESTISSEMENTS ET CIE,Villeneuve-Loubet,
348748252,CYGNES,Villeneuve-Loubet,
524682200,AEDES,Villeneuve-Loubet,
802938100,BL CONSULTING,Villeneuve-Loubet,
819394339,J.J.A.D. 2,Villeneuve-Loubet,
843325580,OPUS CONSEIL,Villeneuve-Loubet,
899694442,K-EXCLUSIVE,Villeneuve-Loubet,
893964536,INEOM COMMERCIALISATION,Villeneuve-Loubet,
385177217,SCP ALPA,Villeneuve-Loubet,
383256666,KRESIAS INVESTISSEMENT,Villeneuve-Loubet,
383918810,TECHNICHEFF,Villeneuve-Loubet,
334334349,R J P,Villeneuve-Loubet,
348526278,MIJELI,Villeneuve-Loubet,
444946594,PROCOM,Villeneuve-Loubet,
807488085,ROCKVIEW,Villeneuve-Loubet,
824607451,MULLER OLLIVE SC,Villeneuve-Loubet,
825106636,SUCCESS,Villeneuve-Loubet,
899908644,SAS LAPORTE FAMILY REALTY,Villeneuve-Loubet,
930920137,SAS M.A.R.S PHARMA,Villeneuve-Loubet,
989518675,KVADOM PREMIUM,Villeneuve-Loubet,
522781582,ANTAREAL,Mandelieu-La-Napoule,
834884421,CAM (CLAUDEL ASSET MANAGEMENT),Mandelieu-La-Napoule,
510479371,KARAKORAM,Mandelieu-La-Napoule,
331454355,LES TROIS RIVIERES,Mandelieu-La-Napoule,
314973355,CONCEPT INVEST MEDIA,Mandelieu-La-Napoule,
383097649,SARL MARINA,Mandelieu-La-Napoule,
828023325,3Z LOCATION,Mandelieu-La-Napoule,
933239170,SOLINDOMO,Mandelieu-La-Napoule,
984062067,NB CONSEILS,Mandelieu-La-Napoule,
984266015,JB CONSEILS,Mandelieu-La-Napoule,
379751118,MAJUCA,Mandelieu-La-Napoule,
312914609,VALBERG PLAZA,Mandelieu-La-Napoule,
352561088,FRANCYVON,Mandelieu-La-Napoule,
490814381,CARDINAL MEDITERRANEE,Mandelieu-La-Napoule,
507917946,MONJO TRAITEUR,Mandelieu-La-Napoule,
841151137,GOODING,Mandelieu-La-Napoule,
898053426,B AND F CONSULTING,Mandelieu-La-Napoule,
847967627,ALLADIN,Mandelieu-La-Napoule,
914149356,VISTABLU,Mandelieu-La-Napoule,
696520634,RESIDENCES ET DOMAINES,Theoule-Sur-Mer,
420097537,RADLOFF MANAGEMENT CONSULTING FRANCE (RMC FRANCE),Theoule-Sur-Mer,
490375664,BUSINESS AFFAIRS CONSULTING (B@C),Theoule-Sur-Mer,
344747019,SEGA,Theoule-Sur-Mer,
339448334,BRADERIS LOC,Theoule-Sur-Mer,
524114774,RONE,Theoule-Sur-Mer,
900599879,CAMATT LUXURY REALTY,Theoule-Sur-Mer,
438300550,STE VALUAS BV,Saint Tropez,
438300329,STE SOTENO SA,Saint Tropez,
840333306,VP & CO,Saint Tropez,
498442839,DEMEURES TROPEZIENNES,Saint Tropez,
835317421,LUMA,Saint Tropez,
399864651,SWIXIM,Saint-Tropez,
483630372,EMILE GARCIN PROVENCE,Saint-Tropez,
349984146,SOC LYONNAISE AMENAGEMENT (SLA),Saint-Tropez,
800692329,HALSTEAD BELL,Saint-Tropez,
843937137,REBECCA ZARR,Saint-Tropez,
853439644,S.E.E.K.,Saint-Tropez,
927903138,HERACLEE SAS,Saint-Tropez,
424819837,PAULINE,Saint-Tropez,
439752692,LE FIGUIER,Saint-Tropez,
513231936,AMALASAL,Saint-Tropez,
488167065,MOVAL,Saint-Tropez,
838736676,PANORAMER,Saint-Tropez,
840498604,MAGREY AND SONS SAINT TROPEZ,Saint-Tropez,
892211087,TROPEZIAN AGENT,Saint-Tropez,
914850904,FOURNIALS & MOUGEL ASSOCIES,Saint-Tropez,
928749704,WORLD INFLUENCE,Saint-Tropez,
882718125,SARL LA MOUTTE II,Saint-Tropez,
882917941,SCHPOUNTZ,Saint-Tropez,
944161801,SENTINELLE,Saint-Tropez,
987933090,ARTKHIO,Saint-Tropez,
338334584,MAHONIA,Saint-Tropez,
381117878,MBP,Saint-Tropez,
821370590,HERACLEE STP,Saint-Tropez,
844297804,SOFA,Saint-Tropez,
849542683,MAGREY AND SONS VAR,Saint-Tropez,
885261552,MP WEGELIN,Saint-Tropez,
940314032,LET ME DO,Saint-Tropez,
909236119,MPH,Saint-Tropez,
913339305,RIVKA,Saint-Tropez,
941571606,ALPHA CONSEIL,Saint-Tropez,
445124670,TARGUM,Ramatuelle,
381490804,LES BARRYS,Ramatuelle,
944640416,VALUXURY,Ramatuelle,
351616875,SNC TOMASELLI,Ramatuelle,
948336854,VM CONSULTING,Ramatuelle,
383791431,TVRT SARL,Gassin,
529319667,BLUE SIDE PROPRIETES VITICOLES,Gassin,
842800518,A2BC CONSULTING,Gassin,
921874913,BOSSY REALTY,Gassin,
977637321,ELEGANCE,Gassin,
508729332,GIUCLA,Gassin,
947882932,CONFIDENTIEL & INVESTISSEMENTS,Gassin,
943544536,JLB CONSULTING,Gassin,
817635774,JANSSENS COTE PROVENCALE,Grimaud,
498021021,MADE IN PROVENCE,Grimaud,
848288429,LV 39,Grimaud,
431496389,SOC LES TROIS RIVES I,Grimaud,
511397168,NEW PLACE,Grimaud,
505159905,PATGE,Grimaud,
811345735,PALM ASSET MANAGEMENT (PALM ASSET MANAGEMENT),Grimaud,
490548427,DELBERGUE ASSOCIATES,Grimaud,
502398506,CO BA TRAV,Grimaud,
821463411,CABINET VIEUGUE,Grimaud,
853686574,LKR,Grimaud,
881248116,SAS JPM,Grimaud,
331445197,SARL SMASH,Grimaud,
478485667,PATRIMIUM,Grimaud,
481601813,MER MEDITERRANEE,Grimaud,
514890177,ARCE II,Grimaud,
898278437,FMI,Grimaud,
794024307,VERTIGES,Grimaud,
791211337,OENOPLANET,Grimaud,
918271305,NG CONSULTING,Grimaud,
991123787,N.V.H. CONSEIL,Grimaud,
493086805,SARL FLOLO,Sainte-Maxime,
340437540,EURL BIRD,Sainte-Maxime,
921151155,AGATHE THE KEYS (ATK),Sainte-Maxime,
751571019,CJM,Sainte-Maxime,
434286258,L'ESPRIT DU SUD,Sainte-Maxime,
479242885,LES CAPS,Sainte-Maxime,
507736635,SUD VACANCES,Sainte-Maxime,
340611292,SARL GIMS,Sainte-Maxime,
520532516,FRANSAFLO,Sainte-Maxime,
532128642,HERACLEE,Sainte-Maxime,
532873437,T2I,Sainte-Maxime,
814467379,BLU INVEST,Sainte-Maxime,
815289269,PREMIERE AVENUE,Sainte-Maxime,
928570621,ORBE,Sainte-Maxime,
893188011,UNIVERS VIAGER,Sainte-Maxime,
919184432,ARTEMIS,Sainte-Maxime,
989983697,JEANNETTE GROUPE,Sainte-Maxime,
399435122,SEASIDE & PROVENCE,Sainte-Maxime,
411124597,GUNY-CARANTA,Sainte-Maxime,
500768080,LUCY,Sainte-Maxime,
804336402,BAPTHEL,Sainte-Maxime,
752147306,LP CONSULTING,Sainte-Maxime,
900709551,JANSSENS SAINTE MAXIME,Sainte-Maxime,
943131409,BREUZARD-PROPRIETES,Sainte-Maxime,
922169412,MAYA FAMILY,Sainte-Maxime,
979949609,CABINET DES LYS,Sainte-Maxime,
504629221,3%. COM,Saint-Raphael,
789064722,REVOLIM,Saint-Raphael,
538779935,ANDELIM SELECTION,Saint-Raphael,
437833551,SA LA COTIERE GRAND LARGE,Saint-Raphael,
812171056,PHILIPPE ESCOFFIER,Saint-Raphael,
437832868,SARL HUINGA PONT PENSIOEN B.V,Saint-Raphael,
478101371,JSTREET,Saint-Raphael,
105680672,IMMELIO CONSULTING,Saint-Raphael,
350232872,SODEFIM,Saint-Raphael,
394850267,DIDIER DAURAT,Saint-Raphael,
379332943,HA INTERNATIONAL,Saint-Raphael,
383714052,MER ET AMENAGEMENT,Saint-Raphael,
521111013,SARL 2B CONCEPT,Saint-Raphael,
789909702,ERIK'S,Saint-Raphael,
533107447,RIPLEC,Saint-Raphael,
810104315,ASPERULE,Saint-Raphael,
824821375,LEREBOURS,Saint-Raphael,
832901466,AC CONSULTING,Saint-Raphael,
882626757,SEVENTY 7,Saint-Raphael,
909082109,COMIN,Saint-Raphael,
388900243,CARNEVAL INVEST,Saint-Raphael,
379069669,STE D'AMENAGEMENT DES PARCS DU GOLF DE SAINTE-MAXIME,Saint-Raphael,
329768873,MEDIFOS,Saint-Raphael,
432422418,LES SABLES D'OR,Saint-Raphael,
431627801,LES TROIS FRERES,Saint-Raphael,
405257916,SOC CIVILE PARTICULIERE FAMILY,Saint-Raphael,
448598904,OLYMPIKOS,Saint-Raphael,
478206774,TERRES TURQUOISES,Saint-Raphael,
493919310,CANAT ET WARTON,Saint-Raphael,
510781099,BRUNO DUPARC DEVELOPPEMENT,Saint-Raphael,
491056362,MJC,Saint-Raphael,
491721767,A.B.C. COMMERCIALISATION,Saint-Raphael,
811593839,S.A.J.,Saint-Raphael,
812269983,EXPERTAE,Saint-Raphael,
830494670,ALTAEOO,Saint-Raphael,
733750400,SIERRA ET CIE,Saint-Raphael,
522747187,CAP SUR L'ESTEREL,Saint-Raphael,
498163765,EURL T.B.H.,Saint-Raphael,
750660359,MAPONOS,Saint-Raphael,
889409777,3B ARE,Saint-Raphael,
949359111,CHRISTOPHE CUYPERS TEAM,Saint-Raphael,
952510543,IS&A REALTY,Saint-Raphael,
991497769,DEVIMO,Saint-Raphael,
349610253,PARC DU CAMPING DE ST AYGULF,Frejus,
891129447,SAS BERSAN,Frejus,
339407389,ORFIM,Frejus,
433709284,BEARTED INVESTMENTI LIMITED,Frejus,
789158862,FJ DEVELOPPEMENT,Frejus,
503971327,P@TRIMONI@L,Frejus,
333112118,BOYER BADAUT,Frejus,
328863154,C R M,Frejus,
101629210,MONTOYA SOLUTIONS,Frejus,
394991335,ALAIN TREVE DEVELOPPEMENT,Frejus,
751213216,SECRET DE PROVENCE,Frejus,
539327783,GRECH,Frejus,
801232877,SCHEGGY,Frejus,
794263319,MACADERM,Frejus,
900626243,KW AMBITION,Frejus,
890402985,SILVER KEYS,Frejus,
942457540,DEVA,Frejus,
983609413,QUORNER,Frejus,
103825402,SAN TERRA,Frejus,
350928198,GROUPE ATHOS (ATHOS),Frejus,
430218800,L'AIGLON,Frejus,
441997566,F F,Frejus,
523412567,T.C. INVEST,Frejus,
801524786,CC MEDIAS,Frejus,
837670579,CABINET T.N.C.T,Frejus,
832100341,JST FREJUS,Frejus,
948518543,ASI,Frejus,
944963438,CLES & SERENITE,Frejus,
905345443,ALHIOT,Frejus,
949223358,MAITRE CARRE,Frejus,
992640995,LA CLE D HERMES,Frejus,
990975450,MARVAL EXPERTISE,Frejus,
498311729,M.C.M. SRL,Grasse,
337960488,ATRIA,Grasse,
932230394,KLOCKA,Grasse,
333169993,LES CYPRES,Grasse,
104469804,VLG GROUP,Grasse,
106294929,NRJU,Grasse,
107322976,CASAWAY,Grasse,
351272299,AGEFIM CONSULTANTS SAS,Grasse,
348478330,KCST,Grasse,
528115900,FORSMAN & HEY,Grasse,
533555033,TOURSOL,Grasse,
811286657,POUSSIN,Grasse,
792771958,SC EVAL INVEST,Grasse,
882060106,CHRISTOPHE FARINOTTI,Grasse,
905066494,NICOLAS EVRARD CONSULTANT,Grasse,
918145335,SELLING SUNSET INVEST,Grasse,
893297721,TOLTEKA,Grasse,
383441375,PRO PUERUM,Grasse,
106479595,YOAN,Grasse,
106061583,XTBS,Grasse,
339351843,SOCIETE CIVILE DU 6 COURS HONORE CRESP,Grasse,
343523544,GROUPE JACQUES MERKER,Grasse,
420067357,LE CLARIDGE,Grasse,
424762391,SARL DES TROIS POINTS,Grasse,
430368506,DOMAINE DE SAINT DONAT,Grasse,
379999089,CLARINVEST,Grasse,
416750297,WAIS ET CIE,Grasse,
812425577,COULEURS CEZANNE,Grasse,
530175561,NIRO,Grasse,
515092682,ANTIPODES OVERSEA,Grasse,
901315655,NICE & COLLINES,Aspremont,
537449902,VON STEIN ET ASSOCIES,Aspremont,
389413063,CANNES SOLEIL,Auribeau-Sur-Siagne,
894650381,LV PROJETS,Auribeau-Sur-Siagne,
423131432,SAINT JEAN,Bandol,
788657088,CGP FRANCE PROMOTION,Bandol,
422500785,MEDITERRANEE NEGOCIATION,Bandol,
438978173,AIR R,Bandol,
500335534,CANAT ET WARTON,Bandol,
100442862,ACZ INVEST,Bandol,
389659681,CABINET MEZOU (SCM),Bandol,
885260372,VGYR,Bandol,
818173130,STATUS CONSEIL,Bandol,
819324534,GP CONSEILS,Bandol,
522052521,GIPIERES,Bandol,
948038153,VANHAMME & GRIMMER,Bandol,
949237382,OBM CONSULTING,Bandol,
535092761,ANASTASIO CONSULTING,Berre-Les-Alpes,
850536038,BEE PROVENCE,Besse-Sur-Issole,
932258122,SL2I (SL2I),Besse-Sur-Issole,
521901835,VELVET CONCEPT (VELVET CONCEPT),Biot,
513550962,ELITE FINANCE CONSEIL - EFC,Biot,
109591339,EVE & STONE,Biot,
515362713,CMEI,Biot,
523351732,ELITE FINANCE CONSEIL 13,Biot,
822735908,KW HLC EXPAND,Biot,
838599694,ABC DIGITAL CONSULTING,Biot,
843411729,PORTAGE INVEST,Biot,
831075999,JETSTREAM INVEST,Biot,
842209173,SASU AXI,Biot,
879752855,U MARE,Biot,
905397824,ZERENT,Biot,
429878051,WIF,Biot,
442375309,CABESTANY,Biot,
821579448,KELLER WILLIAMS FRANCE,Biot,
535275135,ELITE FINANCE CONSEIL 83,Biot,
522989425,TOBY & CO,Biot,
833907280,AGATE & SAPPHIRE (A & S),Biot,
851598672,PROVENCALPES,Blausasc,
345322390,SARL DIMENSION BLEUE,Bormes-Les-Mimosas,
328621594,LA RIVE,Bormes-Les-Mimosas,
811310325,REVE DE VIE,Bormes-Les-Mimosas,
109243592,QS CONSULT,Bormes-Les-Mimosas,
537898819,ISTA SUD,Bormes-Les-Mimosas,
890117781,TERRES DE DOMAINES,Bormes-Les-Mimosas,
899126585,KIMPLI,Brignoles,
434523924,VERTES COLLINES,Brignoles,
440083541,AGENA,Brignoles,
348801820,SARL PROCAN,Brignoles,
410075691,SNC LE PETIT NICE,Brignoles,
531779072,PLEA,Brignoles,
831521836,PROJET 9,Brignoles,
408707065,ASS HAUTS DE CABRIS,Cabris,
532148418,WILSON DEVELOPMENT,Cabris,
518028675,EXPENSEIGNES,Cabris,
830581823,PAJEN,Cagnes Sur Mer,
392311379,LA CALMERAIE,Cagnes Sur Mer,
810818823,NOBIS,Cagnes Sur Mer,
791105018,BELASLOUNI,Cagnes Sur Mer,
949226997,BEAUGARDE,Cagnes Sur Mer,
891703886,100 KALPA,Callian,
422572644,DIFRA BLUES,Cap D'Ail,
508550647,SOCIETE DOMANIALE D EXPLOITATION (S D E),Cap D'Ail,
931898829,A.G.I.E,Carnoules,
109269076,HESTIMA,Carnoules,
804411254,KAIROS,Carqueiranne,
914728704,KEYMEX AMBITIONS,Carqueiranne,
495076556,ARTEY,Carqueiranne,
421778242,LES PENATES,Carqueiranne,
103603015,GALERIE SUD,Carqueiranne,
384777645,M P V INVESTISSEMENTS,Carqueiranne,
414613638,SOTEF,Carqueiranne,
813981966,FONTBRUN,Carqueiranne,
502557341,SL CONSULTING,Carqueiranne,
978286102,BUSINESS MANAGEMENT AND SALES (B.M.S.),Carros,
318871001,SOC PARTICULIERE SYJEAN,Carros,
981580889,EXEO,Carros,
893447276,SAS JINVESTO,Castagniers,
499403574,MERCURE HT,Castagniers,
983143249,NIGESTIM,Castagniers,
819341942,FRONT DE NEIGE,Castellar,
789815040,BLAN 83,Cavalaire-Sur-Mer,
878568260,ONLY IN CAVALAIRE,Cavalaire-Sur-Mer,
510624992,ABRI DE CAVALAIRE,Cavalaire-Sur-Mer,
789185451,IN DEV ENT,Cavalaire-Sur-Mer,
791065022,CABINET DUVIVIEZ,Cavalaire-Sur-Mer,
852345214,MCI FRANCE,Cavalaire-Sur-Mer,
429554272,LES RIGAUDS,Cavalaire-Sur-Mer,
882061633,NESTENN,Cavalaire-Sur-Mer,
348394727,VIRGO,Chateauneuf-Grasse,
340560135,OUED RIOU,Chateauneuf-Grasse,
792235368,B.O.D.F.I 2,Chateauneuf-Grasse,
952188332,SAS LE PATIO DE BLANDINE,Chateauneuf-Grasse,
510737737,SERECONSEIL,Chateauneuf-Grasse,
501336853,SARL MARINA INVEST,Clans,
882640238,VICTORIA,Clans,
395066541,LE TUVE,Clans,
434105391,SARL ALLIANCE,Cogolin,
789581576,EGERIE,Cogolin,
878044296,JMB CONSEIL,Cogolin,
349154534,SARL LORA,Cogolin,
917671653,MOJAVE,Cogolin,
927944546,S.O.M.I.,Cogolin,
398743336,RUBENS & PARTNERS,Colomars,
527590145,LES HAUTS D'ASPREMONT,Colomars,
894811967,AMBERIOTIS,Colomars,
452442577,LA PIGNATELLE,Contes,
811199553,RURAYA,Cotignac,
353114671,SARL LE POET,Coursegoules,
921620415,A.D.C.T.,Cuers,
490279114,LA SOURCE,Cuers,
840016265,D M L,Cuers,
899934822,EK CONSEIL,Cuers,
432577914,LEBRETON ET CO,Draguignan,
334595113,GROUPE TRANS INVESTISSEMENT,Draguignan,
327560140,SERPA,Draguignan,
349276378,SARL LES TERRES PROVENCALES,Draguignan,
401470158,CANDALIN FUTUR,Draguignan,
529764086,TERRE DE REVE DRAGUIGNAN,Draguignan,
840247761,DT01,Draguignan,
842579575,LOKKEKO,Draguignan,
984560433,BABA EXPERTISE,Draguignan,
398498824,FEG,Draguignan,
351879812,CC ASSOCIES,Draguignan,
333453678,SOC CIVILE DE LA VAUGINE,Draguignan,
488123985,K P,Draguignan,
503342917,GROUPE GESTALI,Draguignan,
809298722,LOU CANTOUN,Draguignan,
798248829,UNIVERS,Draguignan,
534245667,MIDEP,Draguignan,
817910409,THIMAX,Entrecasteaux,
894417369,ADMA EXPERTISE,Evenos,
514495860,LES ALEXIADES,Evenos,
824345201,MARINE DESTHUILLIERS,Evenos,
510204852,3C-CONSULT,Fayence,
442447827,PITCHOUN,Fayence,
524682507,CASA,Fayence,
907997118,LAMANETTE,Flayosc,
850075763,CHCR,Gareoult,
534229380,SAINT HUBERT,Gareoult,
402286801,LES LAURIERS ROSES,Gattieres,
932606353,BAIE DES ANGES COMPANY,Gattieres,
339447427,LA TRUMAC,Guillaumes,
423597327,CANAT ET WARTON,Hyeres,
340629278,VOYAGES SUD SOLEIL,Hyeres,
479079832,A.B.I,Hyeres,
477998058,JACQUES VERDINO INVESTISSEMENTS,Hyeres,
410518765,SYND COPRO 21AV GL DE GAULLE,Hyeres,
452926405,HORTHENSIA,Hyeres,
409150166,LES BASTIDES DE CLAUGE,Hyeres,
392760690,4P CONSEIL,Hyeres,
529599300,MORIN ET MORIN EXPERTS (M ET M EXPERTS),Hyeres,
481136984,PRESTIGE,Hyeres,
852237353,LES JARDINS DU PORT,Hyeres,
841822794,3GDG,Hyeres,
898703640,VUE MER,Hyeres,
878028984,KW METROPOLE,Hyeres,
919840041,AORIAS,Hyeres,
987655537,JESSYMMO,Hyeres,
989940259,SASU IM GRANDORDY,Hyeres,
318404050,CIOGEST,Hyeres,
381057231,FRANCE SUD INVESTISSEMENT,Hyeres,
414598037,SOC CIVILE PICSOU GRIPSOU AND CO,Hyeres,
430162305,GTB DEVELOPPEMENT,Hyeres,
443826540,LES PALMIERS,Hyeres,
442791554,VALOSA,Hyeres,
478973340,L'ABC DU COMMERCE,Hyeres,
532582814,ESPACE PASSERON,Hyeres,
791185879,LES CRISTAILS,Hyeres,
940825961,SEPTEMBRE,Hyeres,
938456274,GLI PRESTIGE,Hyeres,
950827550,MAJOFI,Hyeres,
751760737,PITCHIPOY,Isola,
381057843,FIDUCIAIRE D EXPANSION,La Cadiere D'Azur,
483178646,EL EXPANSION,La Cadiere-D'Azur,
502517238,SARL CESSION E COMMERCE,La Cadiere-D'Azur,
348516204,SOTECO,La Colle-Sur-Loup,
414948646,VISIUM CONSULTING,La Colle-Sur-Loup,
811266899,GIRAF-INVEST,La Colle-Sur-Loup,
818445660,ASIACAPITA,La Colle-Sur-Loup,
351505607,SOC BAMI,La Colle-Sur-Loup,
379887193,MATCHCO SARL,La Colle-Sur-Loup,
485154777,MWP,La Colle-Sur-Loup,
523206456,EL QUETZAL,La Colle-Sur-Loup,
831694179,OLIVIER MORVAN & CO,La Colle-Sur-Loup,
923785471,ALLIANCE DES PROFESSIONNELS DU CONSEIL A.P.C.,La Colle-Sur-Loup,
434509378,LES CLES DU SOLEIL,La Crau,
819283722,SANTOR,La Crau,
892963422,MIAA COLLECTION,La Crau,
935376004,L'ESPRIT,La Crau,
992940452,RVO CONSULTING,La Croix Valmer,
851098731,GPEX,La Croix-Valmer,
440842409,THIBAUD DESPRETS PROPRIETE ET DOMAINES,La Croix-Valmer,
792193112,DBCM,La Croix-Valmer,
827643933,KEEP THIS PLACE,La Croix-Valmer,
892269002,VESTA SARL,La Croix-Valmer,
397928854,LE GRAND SOLEIL,La Croix-Valmer,
509098125,LIVING DE LUXE,La Croix-Valmer,
440962991,LES LINGOUSTES,La Farlede,
530705599,RPB,La Farlede,
490770021,G P C,La Garde,
749501003,DELTA,La Garde,
679501585,ROYAL GOLD,La Garde,
883530164,OCOA,La Garde,
439679713,NESTENN,La Garde,
833410723,VICSEBANNE,La Garde,
897571774,BLOMIBEL,La Garde-Freinet,
979761913,HISTOIRE DE PIERRES,La Garde-Freinet,
895331304,VANTAGE,La Garde-Freinet,
928549328,HDPS,La Garde-Freinet,
530799261,TRADE ENERGY,La Gaude,
911590735,CAPUTO EXPERTISES,La Gaude,
481859254,TANGUELO,La Londe-Les-Maures,
499348837,COTE IMO,La Londe-Les-Maures,
300500063,SOCIETE LAC DE VALCROS,La Londe-Les-Maures,
951042704,OBJECTIF LUNE,La Londe-Les-Maures,
994024552,NESTENN,La Londe-Les-Maures,
502622178,LABERINADE,La Londe-Les-Maures,
520222878,MSF CONSEIL,La Londe-Les-Maures,
848705968,PHILIP EXPERTISES,La Londe-Les-Maures,
929677250,EMINAT,La Londe-Les-Maures,
504755000,S.C.I. TREIS LUS D'ESTEL,La Mole,
107715732,CJ GOLFE,La Mole,
832996789,EXTENDER,La Motte,
382019099,KAJIMA EUROPE LOU ROUCAS,La Motte,
801518507,ADAG DEVELOPPEMENT,La Roquette-Sur-Siagne,
851797654,DIX-SEPT,La Roquette-Sur-Siagne,
441310935,LA CHAPELLE ST GEORGES,La Roquette-Sur-Siagne,
537750168,OUVRIR M'APPORTE (O.M.A),La Roquette-Sur-Siagne,
953508215,F.J.R.E,La Roquette-Sur-Siagne,
517502043,CARVIN & BARDE,La Seyne Sur Mer,
103243960,SAMIS INVEST,La Seyne Sur Mer,
514831023,LA VIGIE,La Seyne Sur Mer,
539618272,STETHI,La Seyne Sur Mer,
441799145,SUD MARINE,La Seyne-Sur-Mer,
484687645,LAFRIKANDO,La Seyne-Sur-Mer,
751314253,SARL LGPR,La Seyne-Sur-Mer,
753676816,MULLER ET BECHOU,La Seyne-Sur-Mer,
830017141,I-KOMIMO,La Seyne-Sur-Mer,
843322280,ASH,La Seyne-Sur-Mer,
850791781,JC S2I,La Seyne-Sur-Mer,
911364164,MILLENIUM,La Seyne-Sur-Mer,
921496980,LES CONCIERGES DE TAMARIS,La Seyne-Sur-Mer,
939974382,LOGISMOND,La Seyne-Sur-Mer,
981856909,LES LOVELY,La Seyne-Sur-Mer,
489761023,SARL FIGONNE,La Seyne-Sur-Mer,
807737408,GUEN'S PARTNERS,La Seyne-Sur-Mer,
835040023,PLACE INVEST,La Seyne-Sur-Mer,
529828469,APM PORTE MARINE,La Seyne-Sur-Mer,
788593697,SAJATIM,La Seyne-Sur-Mer,
892957960,LOGISMOND,La Seyne-Sur-Mer,
498423615,LA FERME DE LA SUPIERE,La Valette Du Var,
330558917,LES BALANCES,La Valette Du Var,
828311555,MONAPPART9.COM,La Valette-Du-Var,
921533378,NOMADE,La Valette-Du-Var,
383918299,J.W.M.,La Valette-Du-Var,
106418361,PERACOR,La Valette-Du-Var,
308365477,DOMAINE SAINTE-CLAIRE LE CHATEAU,La Valette-Du-Var,
449546571,ATRIOS,La Valette-Du-Var,
523674463,SAINT-MICHEL,La Valette-Du-Var,
330263849,LE MONT SARL,Le Bar-Sur-Loup,
497671339,CABINET D'EXPERTISES JULLIEN,Le Beausset,
101459998,SL & PARTNERS,Le Beausset,
339542961,CE PA GA,Le Beausset,
532258340,CLEMAX - US & CLASSIC CAR'S SERVICES,Le Beausset,
812716520,JNS SIGNES,Le Beausset,
953754157,GLOBAL CONSEIL,Le Beausset,
431310978,DE CHEVRON VILLETTE,Le Cannet Des Maures,
531669091,LES CYPRES,Le Cannet-Des-Maures,
880167333,TAMISE CONSEIL,Le Cannet-Des-Maures,
519924401,CASTELIMO,Le Castellet,
438030504,G.N.L.P.,Le Castellet,
333432300,ETOILE PRESTIGE,Le Castellet,
828469916,MATLO,Le Castellet,
891311045,SUZETTE,Le Lavandou,
401175401,LE PORTIQUE,Le Lavandou,
522818541,GEODI,Le Lavandou,
507382075,L'ACTE,Le Lavandou,
981518749,SASU HVR,Le Lavandou,
480908888,CAB FR AUDIT ASSIST CONSEILS COMM (CAFAC),Le Luc,
918030487,GABORIT INVEST,Le Luc,
918543729,LES CLES DU VAR,Le Luc,
533606091,LE MUY DEVELOPMENT,Le Muy,
508680766,MASHA,Le Plan-De-La-Tour,
980301436,PRESTIGE PARTNERS,Le Plan-De-La-Tour,
398208751,CTR PROVENCAL,Le Pradet,
518946397,VS.CO.,Le Pradet,
539813253,LABEL INVEST,Le Pradet,
889295309,CH VIAGER,Le Pradet,
389748328,DOMAINE SAN PEYRE,Le Pradet,
107411266,TRANSITIONS,Le Pradet,
483975728,LAUREMY,Le Pradet,
911694826,SEEVARIMM,Le Pradet,
404269151,AGENCIA,Le Rouret,
429967946,SOTRAMO NV,Le Rouret,
439407867,DI FIESOLE,Le Rouret,
827521154,LIVING 71,Le Rouret,
812721504,LES TOITS DE PROVENCE,Le Thoronet,
430163105,PRESTO AG,Le Tignet,
492899331,LE TIGNET,Le Tignet,
821460508,NEMROD DIFFUSION,Le Tignet,
497842922,PANAFRANCE,Les Arcs,
422854687,LES AMAZONES,Les Arcs,
480979384,ABRIS COTIERS,Les Arcs,
497602078,SC DEUX FONTAINES,Les Arcs,
500666185,CONFLUENCE BERTIM,Les Arcs,
948888391,ALCAT,Les Arcs,
412396202,PIERRES DU SUD,Levens,
477884068,NICE VALLEES,Levens,
484841713,BRIEL & PARTNERS,Lorgues,
490071123,ALONIS,Lorgues,
799559158,TERRA VINI,Lorgues,
419745138,KING,Lorgues,
480770650,YOUR LIFE IN PROVENCE,Lorgues,
413592361,ART DECO SUD,Mandelieu La Napoule,
343726949,MEDICO,Mandelieu La Napoule,
322904491,LE MOULIN,Meounes-Les-Montrieux,
433705647,LES CERISIERS,Montauroux,
130087844,ASSESS BY LOPEZ,Montauroux,
351315494,SARL DE LA PROVIDENCE,Montauroux,
485269872,SELSEA,Montauroux,
493823751,SARL BHG,Montauroux,
509037974,LILIANE,Montauroux,
821250701,CALIXTE,Montauroux,
797977535,MANY COM,Montauroux,
788674265,URBA SELECT,Mouans-Sartoux,
389613605,LES CHEVALIERS,Mouans-Sartoux,
840798276,AJZELAY,Mouans-Sartoux,
893115055,BLUE SUNRISE,Mouans-Sartoux,
944755669,JMD INVEST,Mouans-Sartoux,
378673206,SOC FANICE,Mouans-Sartoux,
382014603,AUGUSTA,Mouans-Sartoux,
341384444,GRASSE OPHTA,Mouans-Sartoux,
333119493,ANGELE,Mouans-Sartoux,
438993404,REDLAND,Mouans-Sartoux,
300461951,LA NANSEENNE,Nans-Les-Pins,
398658401,SUD TERRAINS,Ollioules,
538487745,LA ROUVIERE,Ollioules,
800650293,PROIKOS,Ollioules,
524280005,INVENTION,Ollioules,
380638429,ALLIANCE SUD,Opio,
411775737,COFIMO,Opio,
953197324,JAYZEE,Opio,
984978312,DOMAINE DU PRIEURE,Opio,
913393542,MV GALLERY,Opio,
384456216,CABINET DELVAL,Pegomas,
898323894,IMOBILIA,Pegomas,
384704243,COFRIM,Pegomas,
852265909,CJM INVEST,Pegomas,
939465241,EXECUTIVE PORTFOLIO,Pegomas,
539073478,BAUMEO,Peymeinade,
840332027,HUMAN AQUILINO GROUP,Peymeinade,
939553863,SCJ INVEST,Peymeinade,
391130499,CABINET GAILLARD,Peymeinade,
388779480,HARDIMO,Peymeinade,
338655889,PINEDE INVESTISSEMENT,Peymeinade,
417250214,CABINET ROCHARD,Peymeinade,
488301029,MEDIATIM CANNES,Peymeinade,
488654641,SAINT CLERC EXPERTISES,Peymeinade,
823952494,OBCI,Peymeinade,
879261196,HARDY LES 5 COMMUNES,Peymeinade,
503122129,DUALL,Pierrefeu-Du-Var,
833100340,AP CONSULTING,Pierrefeu-Du-Var,
833095904,JP DIFFUSION,Plan-D'Aups-Sainte-Baume,
881856520,LEM CONSEILS,Plan-D'Aups-Sainte-Baume,
751377532,DGVIM,Puget-Sur-Argens,
382252930,CANO PERE ET FILS ET CIE,Puget-Sur-Argens,
412119950,NEW PARK,Puget-Sur-Argens,
520920398,SARL MERY BOZON,Puget-Sur-Argens,
850409269,GEST & LOC,Puget-Sur-Argens,
901049650,BOUSQUET BRUNO CONSULTING,Puget-Sur-Argens,
752342774,BJARNE STATSAUTORISET,Puget-Theniers,
309645943,SEFA,Puget-Theniers,
104999206,HEBUS,Puget-Ville,
320564974,SAINT DOMINIQUE,Rayol-Canadel-Sur-Mer,
450627153,OFFICE GENERAL,Rayol-Canadel-Sur-Mer,
902142777,MP PROPRIETES,Rayol-Canadel-Sur-Mer,
330503145,SOC CIVILE DOMAINE LA GREYTE,Rians,
101302792,LAZULIA,Rocbaron,
912044864,MON PETIT COIN MERVEILLEUX,Rocbaron,
422497867,NEW AGE,Roquebrune Cap Martin,
828743468,MA DEMEURE - SERVICE EXPRESS CONSULTING,Roquebrune-Sur-Argens,
102136470,ESPRIT DU SUD,Roquebrune-Sur-Argens,
334314382,SARL 4'IM,Roquebrune-Sur-Argens,
402170427,CHARLY,Roquebrune-Sur-Argens,
520817230,DOMAFLO,Roquebrune-Sur-Argens,
792746893,LA FAVOUILLE,Roquebrune-Sur-Argens,
803767045,PANAROC,Roquebrune-Sur-Argens,
508753811,SUCOH,Roquebrune-Sur-Argens,
504612086,DIRAIELLO,Roquebrune-Sur-Argens,
802069542,SARL MELFRANE,Roquebrune-Sur-Argens,
528127350,VEMA INVEST,Roquebrune-Sur-Argens,
538604646,NFI CONSULTING,Roquebrune-Sur-Argens,
839885498,MARIBE,Roquebrune-Sur-Argens,
882103013,BELLEVUE 916,Roquebrune-Sur-Argens,
992787036,MALUWI,Roquebrune-Sur-Argens,
383941812,CHATEAU GREEN,Roquefort-Les-Pins,
344449616,COLISEE PROMOTION,Roquefort-Les-Pins,
529965147,LES CLES DE PROVENCE,Roquefort-Les-Pins,
400994836,FONTANA,Roquefort-Les-Pins,
349341263,AMERHOLD & RESIDENCE DEVELOPMENT INTERNA,Roquefort-Les-Pins,
950416487,CABINET MICHEL ROQUEFORT LES PINS,Roquefort-Les-Pins,
993163476,PRYMMO,Roquefort-Les-Pins,
947867966,BONAPARTE PROMOTION,Saint Laurent Du Var,
413423328,VAR MER,Saint Laurent Du Var,
424030781,BLUE RIVE,Saint Laurent Du Var,
953833795,VICTORIA,Saint-Andre-De-La-Roche,
994734887,VICTORIA INVEST,Saint-Andre-De-La-Roche,
930597778,ASSIA INVEST,Saint-Blaise,
443473525,MACCINI TITAN PROMOTION CONSTRUCTION,Saint-Cezaire-Sur-Siagne,
330998048,PROVENCE DIFFUSION,Saint-Cyr-Sur-Mer,
888888633,VENUS,Saint-Cyr-Sur-Mer,
881246235,T.I. DEVELOPPEMENT,Saint-Cyr-Sur-Mer,
932535727,GEANNE,Saint-Cyr-Sur-Mer,
432677524,2 ABS,Saint-Cyr-Sur-Mer,
753162213,SUD DEVELOPPEMENT,Saint-Cyr-Sur-Mer,
840586960,LITTORAL BLEU,Saint-Cyr-Sur-Mer,
977833102,UP,Saint-Cyr-Sur-Mer,
833577729,FINESTONE,Saint-Cyr-Sur-Mer,
943737338,FAGO BEL ESTRE,Saint-Jeannet,
995076981,LD INVEST,Saint-Jeannet,
492099536,LES PRES 2,Saint-Jeannet,
439644212,MAVIMO,Saint-Laurent-Du-Var,
405253345,ACCORD EXPERTISE,Saint-Laurent-Du-Var,
483402632,PAI,Saint-Laurent-Du-Var,
305824245,BENDAL,Saint-Laurent-Du-Var,
393382239,STE LES MANDARINIERS (ABI),Saint-Laurent-Du-Var,
379150717,YVEL,Saint-Laurent-Du-Var,
531788560,MAYA,Saint-Laurent-Du-Var,
803952027,MAIRONE PROMOTIONS,Saint-Laurent-Du-Var,
942743089,DESTINATION LE SUD,Saint-Laurent-Du-Var,
894451798,AREALTY,Saint-Laurent-Du-Var,
978416105,ARK CONSEIL,Saint-Laurent-Du-Var,
383400827,L.2.I,Saint-Laurent-Du-Var,
108662560,SAS TEAM NICE,Saint-Laurent-Du-Var,
331003004,ALEXANDRA,Saint-Laurent-Du-Var,
329131924,JEF,Saint-Laurent-Du-Var,
404364168,STE NEW LOOK SERVICES NLS,Saint-Laurent-Du-Var,
493529259,K & M COMMERCIALISATION,Saint-Laurent-Du-Var,
911097830,PR INVEST & CONSEIL,Saint-Laurent-Du-Var,
521688010,REJEAN,Saint-Martin-Vesubie,
451994578,SARL FORESTIA,Saint-Maximin-La-Sainte-Baume,
498194125,LOU CANTOUN,Saint-Maximin-La-Sainte-Baume,
921025144,ROSE D'ARGENT,Saint-Maximin-La-Sainte-Baume,
810754291,FILO,Saint-Maximin-La-Sainte-Baume,
835020348,LSBI,Saint-Maximin-La-Sainte-Baume,
840727127,HBC,Saint-Maximin-La-Sainte-Baume,
350378642,ABITHEA,Saint-Zacharie,
408787604,GENOPAN DES ESPLANES,Saint-Zacharie,
945048726,A.D.I.C,Saint-Zacharie,
438288995,O NEILL (CHESTERFIELD) LTD,Sainte Maxime,
422695460,MODINI ET FILS,Sainte Maxime,
447490764,ANAE,Salernes,
901496943,SAS THOANA,Salernes,
343634879,NAEVA (S C I),Salernes,
912407632,FIV,Salernes,
478727126,SCF BAMARIG,Sanary-Sur-Mer,
512525684,DE LA CRIDE,Sanary-Sur-Mer,
338624570,SARL JMF,Sanary-Sur-Mer,
813834611,CASADELMAR,Sanary-Sur-Mer,
880350962,PEROIS-LABOURASSE,Sanary-Sur-Mer,
893321232,LE GRAND CABANON,Sanary-Sur-Mer,
399239995,COPRO LES GEMEAUX,Sanary-Sur-Mer,
380726778,SOGEMA,Sanary-Sur-Mer,
519360234,CABINET LIEUTAUD,Sanary-Sur-Mer,
824386890,FINANCIERE DD (F2D),Sanary-Sur-Mer,
878903319,LA LAGUNE,Sanary-Sur-Mer,
888755535,LBM INVEST,Sanary-Sur-Mer,
932251598,PROVENCINA,Sanary-Sur-Mer,
512025875,HB PROPRIETES,Six-Fours-Les-Plages,
519712921,ARTHUR LOYD MEDITERRANEE,Six-Fours-Les-Plages,
317887214,CABINET SOLA,Six-Fours-Les-Plages,
437860125,FINANCIERE VINA,Six-Fours-Les-Plages,
488090630,SOLVIMO,Six-Fours-Les-Plages,
383927944,EVER IMM,Six-Fours-Les-Plages,
344409073,SIDRAC,Six-Fours-Les-Plages,
829649649,DANUBE CONSULTING (DUC),Six-Fours-Les-Plages,
801423815,D'IVREA,Six-Fours-Les-Plages,
844081554,YELLOW (YELLOW),Six-Fours-Les-Plages,
899537104,SARL VOISIN,Six-Fours-Les-Plages,
979883188,MOTIV'TOIT,Six-Fours-Les-Plages,
409261914,LA MARANA,Six-Fours-Les-Plages,
832910988,IMOZEN,Six-Fours-Les-Plages,
890532328,SG PROMOTION,Six-Fours-Les-Plages,
917530453,COTE PIERRE,Six-Fours-Les-Plages,
910623982,DEFIM,Six-Fours-Les-Plages,
982189904,NAVI,Six-Fours-Les-Plages,
431383397,AU LARGE,Sollies-Pont,
878882869,SUN INVEST,Sollies-Pont,
933130015,2 A DENTISTE,Sollies-Pont,
339707911,SARL BLUE JATUICA (BLUE JATIUCA),Sollies-Toucas,
839436045,NICOLSON CAPITAL,Sollies-Toucas,
404187221,ASMODEE,Sospel,
918847781,PSIMM,Sospel,
391428299,MB CONSULTANTS,Speracedes,
933988008,GIOSA,Speracedes,
397632423,FAYENCE CONSTR PROMOTIONS,Speracedes,
540026564,JRF REALTY,Speracedes,
792045445,HARMONIE INVEST,Tanneron,
909764268,LES CLEFS DE PROVENCE,Taradeau,
404424574,MAZOTS,Tende,
834500241,VALORISSIMO,Toulon,
481995801,CONSULT MERIDIONAL,Toulon,
814623815,TERRASSE EN VILLE,Toulon,
438430571,GEFIM,Toulon,
488272014,SARL DES QUATRE CHEMINS (G ! O),Toulon,
499942407,MAXENCE BRETTE EURL,Toulon,
321292633,DUFOREST ET COMPAGNIE,Toulon,
329572481,FRANCE DEVELOPPEMENT INGENIERIE (FDI),Toulon,
898632260,SEGESTAL,Toulon,
420722951,MANON ET AUDREY,Toulon,
479694911,P.B.I,Toulon,
498398015,SARL AMI,Toulon,
513605204,CABINET RATINAUD,Toulon,
478843543,CABINET 3000,Toulon,
495142150,NEMO,Toulon,
334326139,SOCIETE LAUCAT,Toulon,
107453516,BEAUJARDIN EXPERTISE (BE),Toulon,
397679762,COPRO LE BARBES,Toulon,
385284328,TRUSTY,Toulon,
379091929,CONCEPT,Toulon,
415157627,CAPVAL,Toulon,
524644093,LA VICTIENNE,Toulon,
790118665,RATANAKIRI,Toulon,
539781476,CHAR ROND,Toulon,
798859310,SARL LB DEVELOPPEMENT,Toulon,
812342046,L'EXPLOREUR . ESPACES POUR COLLECTI,Toulon,
801825399,JAOB,Toulon,
795342674,ACTIFS & INVESTISSEMENTS,Toulon,
803338177,A N T I,Toulon,
834678005,SPI TOULON CENTRE,Toulon,
852080589,PLAN CARRE,Toulon,
841177827,GECOVAR,Toulon,
853759694,MER.INN,Toulon,
929912319,TORI,Toulon,
939415683,FAMILLE BARTOLI,Toulon,
910101856,CVMB,Toulon,
902729383,O.R.P.N,Toulon,
919973222,ESPACE PROVENCE,Toulon,
913669941,ENVIE D'ESPACE,Toulon,
947750576,KEEPT,Toulon,
947809315,OFF MARKET CLUB,Toulon,
952218931,SUR-MESURE,Toulon,
984065862,IG PRESTIGE,Toulon,
994585651,GESTONE,Toulon,
400173670,SUCCESS PRODUCTIONS,Toulon,
100387067,CHARLANDRE INVEST,Toulon,
107092819,SAS TEAM VAR,Toulon,
399416833,COPRO LES JARDINS DE MONTFLEURY,Toulon,
378352694,L'EXOCET,Toulon,
408879195,COPROP 50 RUE GIMELLI,Toulon,
440465482,VARLOGI,Toulon,
477862569,SOLVIMO,Toulon,
492843107,IMHOTEP,Toulon,
498944834,CABINET MAYOL - B.S.I.,Toulon,
453663403,J L B M,Toulon,
501825590,CAROLINE,Toulon,
813922630,LA DATCHA,Toulon,
790161657,CORMORAN CONSULTING,Toulon,
825184872,PIERRES DE COLLECTION,Toulon,
820399012,TOOBI,Toulon,
834920530,SOCIETE EUROPEENNE DE CONSEIL ET DE DEVELOPPEMENT (S.E.C.D.),Toulon,
517811121,FLORENCE DE GUERRY,Toulon,
533283586,IB OM (IB OM),Toulon,
739501906,DAVENNE,Toulon,
753756303,FC2I,Toulon,
841298599,LES TOULS,Toulon,
844084160,CABINET CONSEIL CLARET,Toulon,
901380931,SASU VAR INVESTISSEMENT,Toulon,
940625320,BEX CONSULTING,Toulon,
900516618,SCAPE,Toulon,
912616414,BCO PROJECTS,Toulon,
904041100,GOPALOU SAS,Toulon,
908650120,EURL FRANCOIS-PAUL CUBELES,Toulon,
929036275,CHEZ OCTAVIO,Toulon,
952439040,MILO,Toulon,
953678778,SAS ROOM TOUR - JK (RT JK),Toulon,
979047487,CLS PRESTIGE,Toulon,
942877705,ACTISUD,Toulon,
502829765,T.B.E.,Tourrette-Levens,
308706019,JDM,Tourrette-Levens,
823882600,E.C.I.S,Tourrette-Levens,
827779422,EOS NICE,Tourrettes,
839121126,RESEAU BONAPARTE,Tourrettes,
453166563,MARABINI ET CO SPA,Tourrettes-Sur-Loup,
431390988,JEAN RAMIS ETS,Tourrettes-Sur-Loup,
339352387,MARIFORTI,Tourrettes-Sur-Loup,
917939316,LE SOURCIER,Tourrettes-Sur-Loup,
449775733,ENTERPRIZ,Tourrettes-Sur-Loup,
840394035,LA CLE ROUGE,Tourrettes-Sur-Loup,
887921443,SESAME,Trans-En-Provence,
481553600,APIC,Valderoure,
428262851,COMPAGNY VALLEAN LTD,Vallauris,
428272363,SMANROCK INVESTISSEMENT INTERNATIONAL,Vallauris,
435369970,ONITARA,Vallauris,
820359834,INFINI,Vallauris,
445369325,LOCAGEST,Vallauris,
491038618,JANUS,Vallauris,
503195547,VILLE ET AMENAGEMENT (VILEA),Vallauris,
499293314,SOGA CONSULTING,Vallauris,
331812651,VAL LOGIS,Vallauris,
327764007,SCDF CUREL ET GAULTIER,Vallauris,
384089264,CARDALI,Vallauris,
378458830,MBV,Vallauris,
903410264,SENNAC,Vallauris,
106588759,ARVOR SAS,Vallauris,
340378314,ACROPOLE,Vallauris,
410250146,SARL CABINET CLEMENCEAU,Vallauris,
377725668,I.B.E.,Vallauris,
378090021,SARL EAUMONT,Vallauris,
489551549,MJCI,Vallauris,
451289532,ALEXANDRE LAGRELLE,Vallauris,
850907445,NOVAE,Vallauris,
908681240,CHIC RENTALS,Vallauris,
978028868,DARWIN SUN PARADISE,Vallauris,
981266984,P2FM,Vallauris,
500129457,PROFESSIONNALISME DE HAUT DE GAMME INTERNATIONAL (PDH INTERNATIONAL) (PDH INTERNATIONAL),Vidauban,
537631053,2L (2L),Vidauban,
490402856,LA SOURCE,Vidauban,
399037506,LE 40 VICTOR HUGO,Villars-Sur-Var,
350402376,PHOCEA INVESTISSEMENTS,Villefranche Sur Mer,
